exp,box,mouse,mouse_ID,background,treatment,condition
male_P35,1,green,1072240,ELA,MDMA,ELA_MDMA
male_P35,1,yellow,1072421,ELA,MDMA,ELA_MDMA
male_P35,1,blue,1072482,CTRL,MDMA,CTRL_MDMA
male_P35,1,red,1072442,CTRL,MDMA,CTRL_MDMA
male_P35,2,blue,1072265,ELA,MDMA,ELA_MDMA
male_P35,2,green,1072254,ELA,MDMA,ELA_MDMA
male_P35,2,red,1072440,CTRL,MDMA,CTRL_MDMA
male_P35,2,yellow,1072468,CTRL,MDMA,CTRL_MDMA
male_P35,3,green,1072415,ELA,saline,ELA_saline
male_P35,3,yellow,1072239,ELA,saline,ELA_saline
male_P35,3,red,1072441,CTRL,saline,CTRL_saline
male_P35,3,blue,1072479,CTRL,saline,CTRL_saline
male_P35,8,yellow,1073094,ELA,MDMA,ELA_MDMA
male_P35,8,blue,1073150,ELA,MDMA,ELA_MDMA
male_P35,8,green,1073129,CTRL,MDMA,CTRL_MDMA
male_P35,8,red,1073139,CTRL,MDMA,CTRL_MDMA
male_P35,4,green,1072255,ELA,saline,ELA_saline
male_P35,4,red,1072419,ELA,saline,ELA_saline
male_P35,4,yellow,1072469,CTRL,saline,CTRL_saline
male_P35,4,blue,1072480,CTRL,saline,CTRL_saline
male_P35,5,green,1073091,ELA,saline,ELA_saline
male_P35,5,yellow,1073101,ELA,saline,ELA_saline
male_P35,5,red,1073117,CTRL,saline,CTRL_saline
male_P35,5,blue,1073127,CTRL,saline,CTRL_saline
male_P35,6,blue,1073092,ELA,saline,ELA_saline
male_P35,6,green,1073102,ELA,saline,ELA_saline
male_P35,6,red,1073128,CTRL,saline,CTRL_saline
male_P35,6,yellow,1073137,CTRL,saline,CTRL_saline
male_P35,7,green,1073093,ELA,MDMA,ELA_MDMA
male_P35,7,blue,1073149,ELA,MDMA,ELA_MDMA
male_P35,7,yellow,1073118,CTRL,MDMA,CTRL_MDMA
male_P35,7,red,1073138,CTRL,MDMA,CTRL_MDMA
female_P42,1,red,1072335,ELA,MDMA,ELA_MDMA
female_P42,1,blue,1072271,ELA,MDMA,ELA_MDMA
female_P42,1,green,1072473,CTRL,MDMA,CTRL_MDMA
female_P42,1,yellow,1072483,CTRL,MDMA,CTRL_MDMA
female_P42,2,blue,1072272,ELA,MDMA,ELA_MDMA
female_P42,2,yellow,1072259,ELA,MDMA,ELA_MDMA
female_P42,2,green,1072443,CTRL,MDMA,CTRL_MDMA
female_P42,2,red,1072474,CTRL,MDMA,CTRL_MDMA
female_P42,3,yellow,1072424,ELA,saline,ELA_saline
female_P42,3,red,1072245,ELA,saline,ELA_saline
female_P42,3,blue,1072444,CTRL,saline,CTRL_saline
female_P42,3,green,1072484,CTRL,saline,CTRL_saline
female_P42,4,red,1072260,ELA,saline,ELA_saline
female_P42,4,green,1072425,ELA,saline,ELA_saline
female_P42,4,yellow,1072475,CTRL,saline,CTRL_saline
female_P42,4,blue,1072485,CTRL,saline,CTRL_saline
female_P42,5,blue,1073096,ELA,saline,ELA_saline
female_P42,5,green,1073106,ELA,saline,ELA_saline
female_P42,5,red,1073132,CTRL,saline,CTRL_saline
female_P42,5,yellow,1073122,CTRL,saline,CTRL_saline
female_P42,6,red,1073097,ELA,saline,ELA_saline
female_P42,6,blue,1073107,ELA,saline,ELA_saline
female_P42,6,green,1073133,CTRL,saline,CTRL_saline
female_P42,6,yellow,1073142,CTRL,saline,CTRL_saline
female_P42,7,red,1073098,ELA,MDMA,ELA_MDMA
female_P42,7,yellow,1073154,ELA,MDMA,ELA_MDMA
female_P42,7,blue,1073123,CTRL,MDMA,CTRL_MDMA
female_P42,7,green,1073143,CTRL,MDMA,CTRL_MDMA
female_P42,8,red,1073099,ELA,MDMA,ELA_MDMA
female_P42,8,blue,1073155,ELA,MDMA,ELA_MDMA
female_P42,8,green,1073134,CTRL,MDMA,CTRL_MDMA
female_P42,8,yellow,1073144,CTRL,MDMA,CTRL_MDMA
female_P35,1,blue,1111836,ELA,MDMA,ELA_MDMA
female_P35,1,red,1111920,ELA,MDMA,ELA_MDMA
female_P35,1,yellow,1111970,CTRL,MDMA,CTRL_MDMA
female_P35,1,green,1111866,CTRL,MDMA,CTRL_MDMA
female_P35,2,blue,1111837,ELA,MDMA,ELA_MDMA
female_P35,2,green,1111921,ELA,MDMA,ELA_MDMA
female_P35,2,red,1111971,CTRL,MDMA,CTRL_MDMA
female_P35,2,yellow,1111867,CTRL,MDMA,CTRL_MDMA
female_P35,3,yellow,1111838,ELA,saline,ELA_saline
female_P35,3,blue,1111922,ELA,saline,ELA_saline
female_P35,3,green,1111972,CTRL,saline,CTRL_saline
female_P35,3,red,1111868,CTRL,saline,CTRL_saline
female_P35,4,red,1111839,ELA,saline,ELA_saline
female_P35,4,blue,1111923,ELA,saline,ELA_saline
female_P35,4,green,1111973,CTRL,saline,CTRL_saline
female_P35,4,yellow,1111869,CTRL,saline,CTRL_saline
female_P35,5,blue,1112045,ELA,saline,ELA_saline
female_P35,5,yellow,1111887,ELA,saline,ELA_saline
female_P35,5,green,1112055,CTRL,saline,CTRL_saline
female_P35,5,red,1111988,CTRL,saline,CTRL_saline
female_P35,6,blue,1112046,ELA,saline,ELA_saline
female_P35,6,yellow,1111888,ELA,saline,ELA_saline
female_P35,6,red,1112056,CTRL,saline,CTRL_saline
female_P35,6,green,1111989,CTRL,saline,CTRL_saline
female_P35,7,yellow,1112047,ELA,MDMA,ELA_MDMA
female_P35,7,green,1111889,ELA,MDMA,ELA_MDMA
female_P35,7,red,1112057,CTRL,MDMA,CTRL_MDMA
female_P35,7,blue,1111990,CTRL,MDMA,CTRL_MDMA
female_P35,8,red,1112048,ELA,MDMA,ELA_MDMA
female_P35,8,blue,1111890,ELA,MDMA,ELA_MDMA
female_P35,8,yellow,1112058,CTRL,MDMA,CTRL_MDMA
female_P35,8,green,1111991,CTRL,MDMA,CTRL_MDMA
male_P42,1,red,1111832,ELA,MDMA,ELA_MDMA
male_P42,1,yellow,1111916,ELA,MDMA,ELA_MDMA
male_P42,1,green,1111966,CTRL,MDMA,CTRL_MDMA
male_P42,1,blue,1111862,CTRL,MDMA,CTRL_MDMA
male_P42,2,green,1111833,ELA,MDMA,ELA_MDMA
male_P42,2,yellow,1111917,ELA,MDMA,ELA_MDMA
male_P42,2,blue,1111967,CTRL,MDMA,CTRL_MDMA
male_P42,2,red,1111863,CTRL,MDMA,CTRL_MDMA
male_P42,3,yellow,1111834,ELA,saline,ELA_saline
male_P42,3,red,1111918,ELA,saline,ELA_saline
male_P42,3,green,1111968,CTRL,saline,CTRL_saline
male_P42,3,blue,1111864,CTRL,saline,CTRL_saline
male_P42,4,red,1111835,ELA,saline,ELA_saline
male_P42,4,yellow,1111919,ELA,saline,ELA_saline
male_P42,4,green,1111969,CTRL,saline,CTRL_saline
male_P42,4,blue,1111865,CTRL,saline,CTRL_saline
male_P42,5,blue,1112041,ELA,saline,ELA_saline
male_P42,5,red,1111882,ELA,saline,ELA_saline
male_P42,5,green,1112051,CTRL,saline,CTRL_saline
male_P42,5,yellow,1111983,CTRL,saline,CTRL_saline
male_P42,6,red,1112042,ELA,saline,ELA_saline
male_P42,6,blue,1111883,ELA,saline,ELA_saline
male_P42,6,green,1112052,CTRL,saline,CTRL_saline
male_P42,6,yellow,1111984,CTRL,saline,CTRL_saline
male_P42,7,yellow,1112043,ELA,MDMA,ELA_MDMA
male_P42,7,green,1111884,ELA,MDMA,ELA_MDMA
male_P42,7,blue,1112053,CTRL,MDMA,CTRL_MDMA
male_P42,7,red,1111985,CTRL,MDMA,CTRL_MDMA
male_P42,8,green,1112044,ELA,MDMA,ELA_MDMA
male_P42,8,red,1111885,ELA,MDMA,ELA_MDMA
male_P42,8,blue,1112054,CTRL,MDMA,CTRL_MDMA
male_P42,8,yellow,1111986,CTRL,MDMA,CTRL_MDMA
